index,batch_size,cells,look_back,loss,optimizers,status
0,[3],[0],[0],-0.60072922706604,[2],ok
1,[2],[5],[1],-0.44814810156822205,[1],ok
2,[4],[4],[3],-0.17023807764053345,[2],ok
3,[4],[1],[3],-0.2003968209028244,[2],ok
4,[1],[5],[0],-0.1538461297750473,[2],ok
5,[2],[4],[3],-0.17023807764053345,[2],ok
6,[3],[5],[1],-0.33213067054748535,[1],ok
7,[3],[1],[4],-0.23888885974884033,[0],ok
8,[3],[3],[1],-0.5722221732139587,[2],ok
9,[3],[2],[3],-0.30687829852104187,[1],ok
10,[3],[0],[2],-0.0,[0],ok
11,[1],[0],[0],-0.43139076232910156,[2],ok
12,[4],[1],[1],-0.0,[0],ok
13,[1],[1],[1],-0.5690690279006958,[1],ok
14,[2],[3],[0],-0.36437246203422546,[1],ok
15,[3],[5],[2],-0.44772255420684814,[2],ok
16,[5],[0],[1],-0.37179484963417053,[1],ok
17,[4],[0],[0],-0.0,[0],ok
18,[2],[5],[2],-0.083333320915699,[0],ok
19,[4],[0],[0],-0.0,[0],ok
20,[0],[3],[4],-0.4249030351638794,[2],ok
21,[5],[3],[0],-0.4389742910861969,[2],ok
22,[0],[2],[1],-0.5685248970985413,[2],ok
23,[3],[3],[4],-0.4015767276287079,[2],ok
24,[3],[3],[0],-0.41694533824920654,[2],ok
25,[3],[4],[1],-0.5722221732139587,[2],ok
26,[3],[3],[1],-0.5722221732139587,[2],ok
27,[5],[4],[0],-0.4389742910861969,[2],ok
28,[0],[4],[2],-0.5128205418586731,[2],ok
29,[3],[0],[4],-0.42958998680114746,[2],ok
30,[3],[2],[1],-0.5722221732139587,[2],ok
31,[1],[0],[3],-0.1846153736114502,[2],ok
32,[3],[3],[0],-0.4145298898220062,[2],ok
33,[2],[2],[3],-0.17023807764053345,[2],ok
34,[5],[4],[1],-0.3839994966983795,[1],ok
35,[0],[4],[0],-0.1538461297750473,[2],ok
36,[3],[3],[4],-0.4080808162689209,[2],ok
37,[3],[4],[1],-0.3576490581035614,[1],ok
38,[1],[1],[3],-0.1428571343421936,[0],ok
39,[4],[2],[2],-0.5238094925880432,[2],ok
40,[3],[2],[1],-0.5722221732139587,[2],ok
41,[2],[2],[0],-0.38368645310401917,[1],ok
42,[3],[2],[3],-0.1111110970377922,[0],ok
43,[1],[5],[1],-0.5451769828796387,[2],ok
44,[3],[0],[0],-0.6067776083946228,[2],ok
45,[5],[0],[0],-0.6067776083946228,[1],ok
46,[5],[0],[0],-0.21699343621730804,[1],ok
47,[5],[0],[0],-0.43139076232910156,[1],ok
48,[5],[0],[0],-0.5950474143028259,[1],ok
49,[5],[0],[0],-0.43139076232910156,[1],ok
50,[5],[0],[0],-0.5741487741470337,[1],ok
51,[4],[1],[2],-0.45962730050086975,[1],ok
52,[2],[0],[0],-0.43139076232910156,[1],ok
53,[0],[5],[4],-0.4099821150302887,[0],ok
54,[5],[0],[0],-0.476421982049942,[1],ok
55,[4],[0],[0],-0.423485666513443,[1],ok
56,[1],[1],[2],-0.614814817905426,[0],ok
57,[1],[1],[2],-0.6087318062782288,[0],ok
58,[1],[1],[2],-0.614814817905426,[0],ok
59,[1],[1],[2],-0.5838509202003479,[0],ok
60,[1],[1],[2],-0.6169369220733643,[0],ok
61,[1],[1],[2],-0.6087318062782288,[0],ok
62,[1],[1],[2],-0.6087318062782288,[0],ok
63,[1],[1],[2],-0.6087318062782288,[0],ok
64,[1],[1],[2],-0.6087318062782288,[0],ok
65,[1],[1],[2],-0.5838509202003479,[0],ok
66,[1],[1],[2],-0.614814817905426,[0],ok
67,[1],[1],[2],-0.614814817905426,[0],ok
68,[1],[1],[2],-0.614814817905426,[0],ok
69,[1],[1],[2],-0.5954911112785339,[0],ok
70,[1],[1],[2],-0.6087318062782288,[0],ok
71,[1],[1],[2],-0.6191632151603699,[0],ok
72,[1],[1],[2],-0.5838509202003479,[0],ok
73,[0],[5],[2],-0.5838509202003479,[0],ok
74,[1],[1],[4],-0.4099821150302887,[0],ok
75,[2],[1],[3],-0.1111110970377922,[0],ok
76,[1],[1],[2],-0.614814817905426,[0],ok
77,[4],[5],[2],-0.083333320915699,[0],ok
78,[1],[4],[2],-0.6169369220733643,[0],ok
79,[0],[4],[3],-0.17023807764053345,[0],ok
80,[1],[4],[4],-0.4099821150302887,[0],ok
81,[2],[4],[2],-0.1111110970377922,[0],ok
82,[1],[4],[2],-0.6169369220733643,[0],ok
83,[1],[4],[2],-0.6169369220733643,[0],ok
84,[4],[3],[3],-0.1111110970377922,[0],ok
85,[0],[4],[4],-0.4008207619190216,[0],ok
86,[1],[4],[2],-0.6169369220733643,[0],ok
87,[2],[4],[2],-0.083333320915699,[0],ok
88,[1],[4],[1],-0.5029173493385315,[0],ok
89,[1],[4],[2],-0.6169369220733643,[0],ok
90,[4],[4],[3],-0.1111110970377922,[0],ok
91,[1],[4],[4],-0.4099821150302887,[0],ok
92,[0],[4],[2],-0.6059259176254272,[0],ok
93,[2],[2],[1],-0.0,[0],ok
94,[1],[3],[2],-0.6087318062782288,[0],ok
95,[1],[5],[2],-0.6169369220733643,[0],ok
96,[4],[5],[2],-0.083333320915699,[0],ok
97,[1],[5],[3],-0.2521008253097534,[0],ok
98,[1],[5],[4],-0.4099821150302887,[0],ok
99,[0],[5],[2],-0.4980158507823944,[2],ok
100,[5],[5],[1],-0.33213067054748535,[1],ok
101,[1],[5],[2],-0.609824538230896,[0],ok
102,[3],[5],[2],-0.083333320915699,[0],ok
103,[2],[2],[2],-0.1111110970377922,[0],ok
104,[1],[3],[2],-0.5917873978614807,[2],ok
105,[1],[5],[3],-0.2521008253097534,[0],ok
106,[4],[2],[1],-0.3766465485095978,[1],ok
107,[5],[4],[4],-0.16091953217983246,[0],ok
108,[1],[4],[2],-0.6087318062782288,[0],ok
109,[3],[5],[2],-0.44999995827674866,[2],ok
110,[1],[1],[2],-0.5694444179534912,[1],ok
111,[0],[1],[2],-0.5870370268821716,[0],ok
112,[2],[4],[3],-0.1111110970377922,[0],ok
113,[1],[1],[4],-0.4099821150302887,[0],ok
114,[1],[1],[1],-0.5108224749565125,[0],ok
115,[5],[4],[2],-0.45962730050086975,[2],ok
116,[4],[4],[2],-0.4139130115509033,[1],ok
117,[1],[3],[2],-0.6169369220733643,[0],ok
118,[3],[3],[2],-0.083333320915699,[0],ok
119,[1],[3],[0],-0.43139076232910156,[0],ok
120,[0],[1],[3],-0.17023807764053345,[2],ok
121,[1],[4],[4],-0.4099821150302887,[0],ok
122,[2],[4],[1],-0.3519371449947357,[1],ok
123,[1],[1],[2],-0.614814817905426,[0],ok
124,[5],[3],[2],-0.0952380821108818,[0],ok
125,[4],[2],[2],-0.13333331048488617,[0],ok
126,[1],[3],[0],-0.43139076232910156,[0],ok
127,[3],[3],[2],-0.5310558676719666,[2],ok
128,[1],[3],[3],-0.17023807764053345,[1],ok
129,[0],[3],[2],-0.5870370268821716,[0],ok
130,[1],[3],[4],-0.4099821150302887,[0],ok
131,[2],[1],[1],-0.0,[0],ok
132,[1],[1],[2],-0.614814817905426,[0],ok
133,[1],[5],[2],-0.4922221899032593,[2],ok
134,[5],[3],[0],-0.3892773389816284,[1],ok
135,[4],[0],[2],-0.1309523731470108,[0],ok
136,[3],[1],[3],-0.1111110970377922,[0],ok
137,[1],[2],[2],-0.6258257627487183,[0],ok
138,[0],[2],[4],-0.4099821150302887,[0],ok
139,[1],[2],[1],-0.5451769828796387,[2],ok
140,[2],[2],[2],-0.42082658410072327,[1],ok
141,[1],[2],[2],-0.6169369220733643,[0],ok
142,[1],[2],[0],-0.43139076232910156,[0],ok
143,[5],[2],[2],-0.0952380821108818,[0],ok
144,[4],[2],[2],-0.083333320915699,[0],ok
145,[1],[2],[2],-0.6169369220733643,[0],ok
146,[1],[2],[2],-0.6169369220733643,[0],ok
147,[1],[2],[2],-0.6169369220733643,[0],ok
148,[1],[2],[2],-0.6087318062782288,[0],ok
149,[1],[4],[2],-0.6169369220733643,[0],ok
150,[1],[1],[2],-0.614814817905426,[0],ok
151,[1],[4],[2],-0.6169369220733643,[0],ok
152,[1],[1],[2],-0.614814817905426,[0],ok
153,[1],[4],[2],-0.6016193628311157,[0],ok
154,[1],[4],[2],-0.6169369220733643,[0],ok
155,[1],[0],[2],-0.4960317313671112,[0],ok
156,[3],[2],[3],-0.0952380895614624,[0],ok
157,[0],[4],[4],-0.4008207619190216,[0],ok
158,[1],[4],[1],-0.5029173493385315,[0],ok
159,[2],[5],[2],-0.44999995827674866,[2],ok
160,[1],[5],[2],-0.6169369220733643,[0],ok
161,[1],[5],[2],-0.38333332538604736,[1],ok
162,[1],[5],[0],-0.43139076232910156,[0],ok
163,[5],[3],[2],-0.1111110970377922,[0],ok
164,[3],[4],[2],-0.0952380821108818,[0],ok
165,[4],[4],[3],-0.1111110970377922,[0],ok
166,[1],[0],[4],-0.43015870451927185,[2],ok
167,[0],[4],[1],-0.5108224749565125,[0],ok
168,[1],[4],[2],-0.43005287647247314,[1],ok
169,[2],[2],[2],-0.0952380821108818,[0],ok
170,[1],[4],[0],-0.43139076232910156,[0],ok
171,[1],[1],[2],-0.6191632151603699,[0],ok
172,[5],[1],[2],-0.13333331048488617,[0],ok
173,[4],[1],[3],-0.17023807764053345,[2],ok
174,[1],[1],[2],-0.518357515335083,[1],ok
175,[3],[5],[4],-0.16091953217983246,[0],ok
176,[1],[1],[1],-0.5108224749565125,[0],ok
177,[0],[5],[2],-0.5838509202003479,[0],ok
178,[1],[1],[2],-0.6169369220733643,[0],ok
179,[2],[1],[0],-0.0,[0],ok
180,[1],[0],[2],-0.5788416862487793,[2],ok
181,[1],[3],[2],-0.5277777314186096,[1],ok
182,[5],[2],[2],-0.0952380821108818,[0],ok
183,[4],[1],[3],-0.1904761791229248,[0],ok
184,[1],[1],[4],-0.4099821150302887,[0],ok
185,[3],[5],[1],-0.0,[0],ok
186,[1],[5],[2],-0.609824538230896,[0],ok
187,[1],[2],[2],-0.5593799948692322,[2],ok
188,[0],[2],[0],-0.43139076232910156,[0],ok
189,[2],[5],[2],-0.40256407856941223,[1],ok
190,[1],[1],[2],-0.6087318062782288,[0],ok
191,[1],[0],[3],-0.13333331048488617,[0],ok
192,[5],[1],[2],-0.0952380821108818,[0],ok
193,[4],[1],[1],-0.0,[0],ok
194,[1],[2],[4],-0.4249030351638794,[2],ok
195,[1],[5],[2],-0.6169369220733643,[0],ok
196,[3],[5],[2],-0.39589738845825195,[1],ok
197,[0],[1],[0],-0.43139076232910156,[0],ok
198,[1],[0],[2],-0.4960317313671112,[0],ok
199,[2],[1],[2],-0.083333320915699,[0],ok
200,[1],[2],[2],-0.6169369220733643,[0],ok
201,[1],[5],[3],-0.15833331644535065,[2],ok
202,[1],[2],[2],-0.614814817905426,[0],ok
203,[5],[1],[4],-0.40545499324798584,[1],ok
204,[4],[0],[1],-0.0,[0],ok
205,[1],[5],[2],-0.609824538230896,[0],ok
206,[3],[2],[2],-0.13333331048488617,[0],ok
207,[1],[1],[0],-0.43139076232910156,[0],ok
208,[0],[1],[2],-0.533850908279419,[2],ok
209,[1],[1],[2],-0.614814817905426,[0],ok
210,[2],[4],[3],-0.2949735224246979,[1],ok
211,[1],[1],[1],-0.5029173493385315,[0],ok
212,[5],[0],[4],-0.37307897210121155,[0],ok
213,[1],[5],[2],-0.6169369220733643,[0],ok
214,[4],[5],[2],-0.083333320915699,[0],ok
215,[1],[1],[0],-0.18207280337810516,[2],ok
216,[3],[2],[2],-0.083333320915699,[0],ok
217,[1],[5],[2],-0.39523807168006897,[1],ok
218,[0],[2],[2],-0.5980480313301086,[0],ok
219,[1],[4],[3],-0.2202380895614624,[0],ok
220,[2],[1],[4],-0.24425286054611206,[0],ok
221,[1],[4],[1],-0.5029173493385315,[0],ok
222,[5],[1],[2],-0.48181816935539246,[2],ok
223,[1],[2],[2],-0.614814817905426,[0],ok
224,[4],[0],[2],-0.6322751045227051,[1],ok
225,[4],[0],[2],-0.6354978084564209,[1],ok
226,[4],[0],[0],-0.43139076232910156,[1],ok
227,[4],[0],[2],-0.6510971784591675,[1],ok
228,[4],[0],[2],-0.6225964426994324,[1],ok
229,[4],[0],[3],-0.206349179148674,[1],ok
230,[4],[0],[2],-0.4960317313671112,[1],ok
231,[4],[0],[4],-0.4156745672225952,[1],ok
232,[4],[0],[2],-0.32315829396247864,[1],ok
233,[4],[0],[1],-0.4834054410457611,[1],ok
234,[4],[0],[2],-0.6510971784591675,[1],ok
235,[4],[0],[0],-0.587142288684845,[1],ok
236,[4],[0],[2],-0.6510971784591675,[1],ok
237,[4],[0],[2],-0.6225964426994324,[1],ok
238,[4],[0],[2],-0.6434343457221985,[1],ok
239,[4],[0],[3],-0.206349179148674,[1],ok
240,[4],[0],[4],-0.4112553894519806,[1],ok
241,[4],[0],[1],-0.37179484963417053,[1],ok
242,[4],[0],[2],-0.6434343457221985,[1],ok
243,[4],[0],[2],-0.4807060658931732,[1],ok
244,[4],[0],[0],-0.46280190348625183,[1],ok
245,[4],[0],[2],-0.6354978084564209,[1],ok
246,[4],[0],[2],-0.6322751045227051,[1],ok
247,[4],[0],[2],-0.650312602519989,[1],ok
248,[4],[0],[3],-0.1846153736114502,[1],ok
249,[4],[0],[4],-0.4244897663593292,[1],ok
250,[4],[0],[2],-0.6510971784591675,[1],ok
251,[4],[0],[2],-0.4960317313671112,[1],ok
252,[4],[0],[1],-0.4834054410457611,[1],ok
253,[4],[0],[0],-0.5950474143028259,[1],ok
254,[4],[0],[2],-0.650312602519989,[1],ok
255,[4],[0],[2],-0.6510971784591675,[1],ok
256,[4],[0],[2],-0.6354978084564209,[1],ok
257,[4],[0],[2],-0.593701958656311,[1],ok
258,[4],[0],[2],-0.4960317313671112,[1],ok
259,[4],[0],[2],-0.4960317313671112,[1],ok
260,[4],[0],[2],-0.6225964426994324,[1],ok
261,[4],[0],[2],-0.6225964426994324,[1],ok
262,[4],[0],[2],-0.4807060658931732,[1],ok
263,[4],[0],[2],-0.4960317313671112,[1],ok
264,[4],[0],[2],-0.650312602519989,[1],ok
265,[4],[0],[2],-0.6354978084564209,[1],ok
266,[4],[0],[2],-0.4960317313671112,[1],ok
267,[4],[0],[2],-0.6354978084564209,[1],ok
268,[4],[0],[2],-0.4960317313671112,[1],ok
269,[4],[0],[2],-0.4960317313671112,[1],ok
270,[4],[0],[2],-0.6058415770530701,[1],ok
271,[4],[0],[2],-0.4960317313671112,[1],ok
272,[4],[0],[2],-0.6354978084564209,[1],ok
273,[4],[0],[3],-0.24444441497325897,[1],ok
274,[4],[0],[2],-0.6354978084564209,[1],ok
275,[4],[0],[4],-0.42037883400917053,[1],ok
276,[4],[0],[1],-0.520703911781311,[1],ok
277,[4],[0],[2],-0.6322751045227051,[1],ok
278,[4],[0],[2],-0.6035353541374207,[1],ok
279,[4],[3],[0],-0.38368645310401917,[1],ok
280,[4],[0],[2],-0.4960317313671112,[1],ok
281,[4],[0],[2],-0.650312602519989,[1],ok
282,[4],[0],[2],-0.650312602519989,[1],ok
283,[3],[0],[3],-0.206349179148674,[1],ok
284,[4],[0],[4],-0.4315475523471832,[1],ok
285,[0],[3],[2],-0.44148144125938416,[1],ok
286,[4],[0],[1],-0.520703911781311,[1],ok
287,[2],[0],[2],-0.6434343457221985,[1],ok
288,[4],[0],[2],-0.650312602519989,[1],ok
289,[5],[0],[0],-0.5741487741470337,[1],ok
290,[4],[0],[2],-0.6225964426994324,[1],ok
291,[4],[3],[2],-0.4135802090167999,[1],ok
292,[3],[0],[2],-0.6120447516441345,[1],ok
293,[4],[0],[3],-0.206349179148674,[1],ok
294,[4],[0],[4],-0.3988734781742096,[1],ok
295,[0],[0],[2],-0.5678306818008423,[1],ok
296,[2],[0],[2],-0.6434343457221985,[1],ok
297,[4],[0],[1],-0.47550031542778015,[1],ok
298,[4],[3],[2],-0.40256407856941223,[1],ok
299,[5],[0],[0],-0.43139076232910156,[1],ok
300,[4],[0],[2],-0.6354978084564209,[1],ok
301,[4],[0],[2],-0.6510971784591675,[1],ok
302,[3],[0],[2],-0.6225964426994324,[1],ok
303,[4],[0],[3],-0.206349179148674,[1],ok
304,[0],[0],[2],-0.49403509497642517,[2],ok
305,[4],[3],[4],-0.40545499324798584,[1],ok
306,[2],[0],[1],-0.45324668288230896,[1],ok
307,[4],[0],[2],-0.593701958656311,[1],ok
308,[4],[0],[2],-0.650312602519989,[1],ok
309,[5],[0],[0],-0.60072922706604,[1],ok
310,[4],[0],[2],-0.6134389042854309,[1],ok
311,[4],[0],[2],-0.511904776096344,[2],ok
312,[3],[0],[2],-0.6510971784591675,[1],ok
313,[3],[3],[3],-0.287176251411438,[1],ok
314,[3],[0],[2],-0.6434343457221985,[1],ok
315,[3],[0],[4],-0.4251081943511963,[1],ok
316,[3],[0],[1],-0.4202796518802643,[1],ok
317,[3],[0],[2],-0.4807060658931732,[1],ok
318,[3],[0],[2],-0.17222219705581665,[2],ok
319,[4],[0],[0],-0.18207280337810516,[1],ok
320,[3],[3],[2],-0.4135802090167999,[1],ok
321,[3],[0],[2],-0.42973852157592773,[1],ok
322,[3],[0],[2],-0.4960317313671112,[1],ok
323,[3],[0],[3],-0.24444441497325897,[1],ok
324,[4],[0],[2],-0.552188515663147,[1],ok
325,[3],[0],[4],-0.44068586826324463,[2],ok
326,[3],[0],[1],-0.4834054410457611,[1],ok
327,[4],[3],[2],-0.42082658410072327,[1],ok
328,[2],[0],[2],-0.6354978084564209,[1],ok
329,[3],[0],[0],-0.4900895059108734,[1],ok
330,[5],[0],[2],-0.4960317313671112,[1],ok
331,[0],[0],[2],-0.5767195820808411,[1],ok
332,[4],[0],[2],-0.5222733616828918,[2],ok
333,[4],[0],[3],-0.24444441497325897,[1],ok
334,[4],[5],[2],-0.4225640594959259,[1],ok
335,[3],[3],[4],-0.3988734781742096,[1],ok
336,[0],[0],[1],-0.4834054410457611,[1],ok
337,[3],[0],[2],-0.4960317313671112,[1],ok
338,[4],[0],[2],-0.6415035724639893,[1],ok
339,[2],[4],[2],-0.4568965435028076,[2],ok
340,[5],[0],[0],-0.5798959136009216,[1],ok
341,[3],[0],[2],-0.6354978084564209,[1],ok
342,[0],[5],[2],-0.36875417828559875,[1],ok
343,[3],[2],[3],-0.2949735224246979,[1],ok
344,[4],[0],[2],-0.4807060658931732,[1],ok
345,[2],[3],[4],-0.4315475523471832,[1],ok
346,[5],[0],[1],-0.3384615182876587,[2],ok
347,[3],[0],[2],-0.6354978084564209,[1],ok
348,[0],[0],[2],-0.5947147011756897,[1],ok
349,[2],[4],[0],-0.36437246203422546,[1],ok
350,[4],[0],[2],-0.650312602519989,[1],ok
351,[3],[0],[2],-0.6322751045227051,[1],ok
352,[3],[2],[2],-0.3987654149532318,[1],ok
353,[4],[0],[3],-0.1846153736114502,[2],ok
354,[4],[5],[2],-0.40256407856941223,[1],ok
355,[5],[3],[4],-0.42225608229637146,[1],ok
356,[0],[0],[2],-0.5727909803390503,[1],ok
357,[2],[0],[1],-0.5029173493385315,[1],ok
358,[3],[4],[2],-0.40256407856941223,[1],ok
359,[4],[0],[0],-0.5741487741470337,[1],ok
360,[4],[0],[2],-0.6225964426994324,[1],ok
361,[4],[0],[2],-0.579365074634552,[2],ok
362,[4],[2],[2],-0.41737890243530273,[1],ok
363,[4],[5],[2],-0.40256407856941223,[1],ok
364,[4],[0],[3],-0.24444441497325897,[1],ok
365,[5],[3],[4],-0.40545499324798584,[1],ok
366,[4],[0],[1],-0.45324668288230896,[1],ok
367,[3],[0],[2],-0.17222219705581665,[2],ok
368,[2],[0],[2],-0.6225964426994324,[1],ok
369,[4],[4],[0],-0.36437246203422546,[1],ok
370,[0],[0],[2],-0.5767195820808411,[1],ok
371,[3],[0],[2],-0.6510971784591675,[1],ok
372,[3],[2],[2],-0.40256407856941223,[1],ok
373,[5],[0],[3],-0.2666666507720947,[1],ok
374,[4],[5],[2],-0.4572463929653168,[2],ok
375,[4],[3],[4],-0.42225608229637146,[1],ok
376,[0],[0],[2],-0.5788416862487793,[1],ok
377,[3],[0],[1],-0.3971916735172272,[1],ok
378,[3],[0],[2],-0.6225964426994324,[1],ok
379,[2],[4],[2],-0.40256407856941223,[1],ok
380,[4],[0],[0],-0.6067776083946228,[1],ok
381,[4],[0],[2],-0.4831348955631256,[2],ok
382,[4],[2],[2],-0.4431438148021698,[1],ok
383,[5],[0],[2],-0.6354978084564209,[1],ok
384,[4],[5],[3],-0.2949735224246979,[1],ok
385,[4],[0],[4],-0.40634918212890625,[1],ok
386,[0],[3],[2],-0.4192592203617096,[1],ok
387,[2],[0],[1],-0.4834054410457611,[1],ok
388,[3],[0],[2],-0.3148147761821747,[2],ok
389,[4],[4],[2],-0.39814814925193787,[1],ok
390,[4],[0],[0],-0.6067776083946228,[1],ok
391,[5],[0],[2],-0.4960317313671112,[1],ok
392,[4],[2],[2],-0.40256407856941223,[1],ok
393,[3],[5],[2],-0.40256407856941223,[1],ok
394,[4],[0],[3],-0.24444441497325897,[1],ok
395,[4],[3],[4],-0.40545499324798584,[1],ok
396,[0],[0],[2],-0.6253967881202698,[2],ok
397,[4],[0],[1],-0.34372469782829285,[1],ok
398,[3],[0],[2],-0.6510971784591675,[1],ok
399,[3],[4],[2],-0.40256407856941223,[1],ok
400,[3],[0],[0],-0.5665162205696106,[1],ok
401,[4],[0],[2],-0.3543473780155182,[1],ok
402,[4],[0],[2],-0.6322751045227051,[1],ok
403,[4],[0],[2],-0.4960317313671112,[1],ok
404,[4],[0],[2],-0.4960317313671112,[1],ok
405,[3],[0],[2],-0.6510971784591675,[1],ok
406,[3],[0],[2],-0.5707070231437683,[1],ok
407,[3],[0],[2],-0.32315829396247864,[1],ok
408,[4],[0],[2],-0.4807060658931732,[1],ok
409,[3],[0],[2],-0.650312602519989,[1],ok
410,[3],[0],[2],-0.6354978084564209,[1],ok
411,[3],[0],[2],-0.593701958656311,[1],ok
412,[3],[0],[2],-0.6510971784591675,[1],ok
413,[3],[0],[2],-0.5608465075492859,[1],ok
414,[3],[0],[2],-0.6510971784591675,[1],ok
415,[3],[0],[2],-0.6354978084564209,[1],ok
416,[3],[0],[2],-0.6510971784591675,[1],ok
417,[3],[0],[2],-0.6322751045227051,[1],ok
418,[3],[0],[2],-0.650312602519989,[1],ok
419,[3],[0],[2],-0.4960317313671112,[1],ok
420,[3],[0],[2],-0.6225964426994324,[1],ok
421,[4],[0],[2],-0.5287114381790161,[1],ok
422,[2],[2],[2],-0.39523807168006897,[1],ok
423,[3],[5],[2],-0.3905797004699707,[1],ok
424,[5],[0],[2],-0.4960317313671112,[1],ok
425,[3],[3],[3],-0.2949735224246979,[1],ok
426,[3],[0],[2],-0.6510971784591675,[1],ok
427,[3],[0],[2],-0.445833295583725,[2],ok
428,[3],[0],[4],-0.42048385739326477,[1],ok
429,[3],[1],[1],-0.3923328220844269,[1],ok
430,[0],[4],[2],-0.39393937587738037,[1],ok
431,[3],[0],[2],-0.6510971784591675,[1],ok
432,[4],[0],[0],-0.5741487741470337,[1],ok
433,[3],[0],[2],-0.6225964426994324,[1],ok
434,[5],[2],[2],-0.4739130437374115,[2],ok
435,[3],[5],[2],-0.40256407856941223,[1],ok
436,[3],[0],[3],-0.206349179148674,[1],ok
437,[3],[0],[2],-0.6225964426994324,[1],ok
438,[2],[3],[4],-0.40545499324798584,[1],ok
439,[4],[0],[2],-0.6225964426994324,[1],ok
440,[3],[1],[1],-0.43611225485801697,[1],ok
441,[3],[0],[2],-0.6225964426994324,[1],ok
442,[3],[4],[2],-0.44772255420684814,[2],ok
443,[3],[0],[0],-0.423485666513443,[1],ok
444,[3],[0],[2],-0.4807060658931732,[1],ok
445,[3],[0],[2],-0.4960317313671112,[1],ok
446,[3],[2],[2],-0.40256407856941223,[1],ok
447,[3],[0],[2],-0.6415035724639893,[1],ok
448,[3],[5],[3],-0.2949735224246979,[1],ok
449,[3],[0],[2],-0.6225964426994324,[1],ok
450,[3],[3],[4],-0.4112553894519806,[2],ok
451,[3],[0],[1],-0.45324668288230896,[1],ok
452,[3],[1],[2],-0.4172992706298828,[1],ok
453,[0],[0],[2],-0.5767195820808411,[1],ok
454,[3],[4],[0],-0.38368645310401917,[1],ok
455,[3],[0],[2],-0.650312602519989,[1],ok
456,[4],[0],[2],-0.6510971784591675,[1],ok
457,[4],[0],[2],-0.6039057374000549,[1],ok
458,[3],[2],[2],-0.3987654149532318,[1],ok
459,[3],[0],[3],-0.1846153736114502,[2],ok
460,[2],[5],[4],-0.42225608229637146,[1],ok
461,[3],[0],[2],-0.32358673214912415,[1],ok
462,[3],[0],[1],-0.45324668288230896,[1],ok
463,[0],[3],[2],-0.413623183965683,[1],ok
464,[5],[1],[2],-0.4221888780593872,[1],ok
465,[3],[0],[0],-0.4900895059108734,[1],ok
466,[3],[4],[2],-0.4568965435028076,[2],ok
467,[3],[0],[2],-0.6225964426994324,[1],ok
468,[3],[0],[2],-0.6510971784591675,[1],ok
469,[3],[0],[2],-0.4960317313671112,[1],ok
470,[3],[2],[3],-0.3253968060016632,[1],ok
471,[3],[0],[2],-0.4960317313671112,[1],ok
472,[3],[0],[4],-0.4249030351638794,[1],ok
473,[5],[3],[1],-0.4008011519908905,[1],ok
474,[2],[5],[2],-0.44999995827674866,[2],ok
475,[3],[0],[2],-0.6510971784591675,[1],ok
476,[3],[0],[2],-0.650312602519989,[1],ok
477,[4],[4],[0],-0.36437246203422546,[1],ok
478,[3],[1],[2],-0.4411087930202484,[1],ok
479,[0],[0],[2],-0.5788416862487793,[1],ok
480,[3],[0],[2],-0.650312602519989,[1],ok
481,[3],[0],[3],-0.206349179148674,[1],ok
482,[4],[2],[2],-0.48181816935539246,[2],ok
483,[3],[0],[4],-0.4249030351638794,[1],ok
484,[4],[5],[1],-0.3766465485095978,[1],ok
485,[3],[0],[2],-0.6354978084564209,[1],ok
486,[3],[3],[2],-0.3987654149532318,[1],ok
487,[3],[0],[2],-0.4807060658931732,[1],ok
488,[3],[0],[2],-0.4807060658931732,[1],ok
489,[3],[1],[0],-0.36437246203422546,[1],ok
490,[4],[4],[2],-0.44772255420684814,[2],ok
491,[3],[0],[2],-0.6225964426994324,[1],ok
492,[3],[0],[3],-0.206349179148674,[1],ok
493,[3],[0],[2],-0.6225964426994324,[1],ok
494,[2],[0],[4],-0.4362518787384033,[1],ok
495,[3],[2],[2],-0.40256407856941223,[1],ok
496,[3],[0],[1],-0.45324668288230896,[1],ok
497,[5],[5],[2],-0.4303418695926666,[1],ok
498,[4],[3],[0],-0.4389742910861969,[2],ok
499,[0],[0],[2],-0.5788416862487793,[1],ok
500,[3],[0],[2],-0.4960317313671112,[1],ok
501,[2],[1],[2],-0.4262939691543579,[1],ok
502,[0],[4],[2],-0.36875417828559875,[1],ok
503,[3],[0],[3],-0.1846153736114502,[1],ok
504,[3],[0],[2],-0.4960317313671112,[1],ok
505,[3],[0],[4],-0.4249030351638794,[1],ok
506,[5],[0],[2],-0.32358673214912415,[1],ok
507,[4],[2],[1],-0.5722221732139587,[2],ok
508,[4],[5],[2],-0.3905797004699707,[1],ok
509,[3],[0],[2],-0.6322751045227051,[1],ok
510,[3],[3],[2],-0.4399999678134918,[1],ok
511,[3],[0],[0],-0.4809837341308594,[1],ok
512,[2],[0],[2],-0.593701958656311,[1],ok
513,[3],[0],[2],-0.6510971784591675,[1],ok
514,[5],[1],[3],-0.2371615171432495,[2],ok
515,[3],[0],[2],-0.4960317313671112,[1],ok
516,[0],[4],[4],-0.3961516320705414,[1],ok
517,[3],[0],[2],-0.6510971784591675,[1],ok
518,[3],[0],[1],-0.37179484963417053,[1],ok
519,[3],[2],[2],-0.40601179003715515,[1],ok
520,[5],[5],[2],-0.3920987546443939,[1],ok
521,[2],[0],[0],-0.60072922706604,[1],ok
522,[3],[3],[2],-0.40256407856941223,[1],ok
523,[4],[0],[2],-0.1309523731470108,[2],ok
524,[3],[0],[2],-0.6510971784591675,[1],ok
525,[4],[1],[3],-0.3227512836456299,[1],ok
526,[3],[0],[2],-0.650312602519989,[1],ok
527,[3],[4],[2],-0.40256407856941223,[1],ok
528,[0],[0],[4],-0.42048385739326477,[1],ok
529,[3],[0],[2],-0.4807060658931732,[1],ok
530,[2],[2],[1],-0.5769230127334595,[2],ok
531,[3],[0],[2],-0.650312602519989,[1],ok
532,[3],[5],[0],-0.36437246203422546,[1],ok
533,[3],[0],[2],-0.4960317313671112,[1],ok
534,[3],[0],[2],-0.6225964426994324,[1],ok
535,[4],[3],[2],-0.3987654149532318,[1],ok
536,[0],[0],[3],-0.13333331048488617,[1],ok
537,[3],[1],[2],-0.4172992706298828,[1],ok
538,[3],[0],[2],-0.4807060658931732,[1],ok
539,[3],[4],[2],-0.46414291858673096,[2],ok
540,[3],[0],[4],-0.42048385739326477,[1],ok
541,[3],[0],[1],-0.42735040187835693,[1],ok
542,[3],[0],[2],-0.48981475830078125,[1],ok
543,[3],[2],[2],-0.4139130115509033,[1],ok
544,[3],[0],[0],-0.587142288684845,[1],ok
545,[2],[5],[2],-0.3987654149532318,[1],ok
546,[5],[0],[2],-0.6354978084564209,[1],ok
547,[0],[3],[3],-0.17023807764053345,[2],ok
548,[3],[0],[2],-0.6354978084564209,[1],ok
549,[5],[1],[2],-0.45962730050086975,[1],ok
550,[2],[0],[4],-0.4249030351638794,[1],ok
551,[4],[4],[1],-0.3371223211288452,[1],ok
552,[3],[0],[2],-0.6434343457221985,[1],ok
553,[5],[0],[2],-0.4960317313671112,[1],ok
554,[0],[0],[0],-0.43139076232910156,[1],ok
555,[3],[2],[2],-0.5061728358268738,[2],ok
556,[3],[0],[2],-0.650312602519989,[1],ok
557,[4],[5],[2],-0.40256407856941223,[1],ok
558,[3],[0],[2],-0.6354978084564209,[1],ok
559,[3],[3],[3],-0.30687829852104187,[1],ok
560,[4],[0],[2],-0.6225964426994324,[1],ok
561,[2],[1],[4],-0.40545499324798584,[1],ok
562,[4],[0],[1],-0.45324668288230896,[1],ok
563,[3],[4],[2],-0.4568965435028076,[2],ok
564,[3],[0],[2],-0.650312602519989,[1],ok
565,[4],[0],[2],-0.6354978084564209,[1],ok
566,[3],[0],[0],-0.43139076232910156,[1],ok
567,[3],[0],[2],-0.4960317313671112,[1],ok
568,[4],[2],[2],-0.4262939691543579,[1],ok
569,[5],[5],[2],-0.4225640594959259,[1],ok
570,[0],[0],[3],-0.13333331048488617,[1],ok
571,[3],[3],[2],-0.5238094925880432,[2],ok
572,[4],[0],[4],-0.4314506947994232,[1],ok
573,[2],[1],[1],-0.41586223244667053,[1],ok
574,[4],[0],[2],-0.6225964426994324,[1],ok
575,[3],[4],[2],-0.39589738845825195,[1],ok
576,[3],[0],[2],-0.4960317313671112,[1],ok
577,[3],[0],[2],-0.6510971784591675,[1],ok
578,[4],[0],[2],-0.5103686451911926,[1],ok
579,[4],[0],[2],-0.4960317313671112,[1],ok
580,[4],[0],[2],-0.6510971784591675,[1],ok
581,[3],[0],[2],-0.5566951036453247,[1],ok
582,[4],[0],[2],-0.6354978084564209,[1],ok
583,[3],[0],[2],-0.5608465075492859,[1],ok
584,[4],[0],[2],-0.6434343457221985,[1],ok
585,[3],[0],[2],-0.6322751045227051,[1],ok
586,[3],[0],[2],-0.4807060658931732,[1],ok
587,[4],[0],[2],-0.4807060658931732,[1],ok
588,[3],[0],[2],-0.6225964426994324,[1],ok
589,[4],[0],[2],-0.4807060658931732,[1],ok
590,[4],[0],[2],-0.6225964426994324,[1],ok
591,[4],[0],[2],-0.6510971784591675,[1],ok
592,[3],[0],[2],-0.6225964426994324,[1],ok
593,[3],[0],[2],-0.6510971784591675,[1],ok
594,[4],[0],[2],-0.6510971784591675,[1],ok
595,[0],[0],[2],-0.5767195820808411,[1],ok
596,[3],[0],[2],-0.5751834511756897,[1],ok
597,[3],[0],[2],-0.6510971784591675,[1],ok
598,[3],[0],[2],-0.650312602519989,[1],ok
599,[3],[0],[2],-0.6225964426994324,[1],ok
600,[3],[0],[2],-0.4960317313671112,[1],ok
601,[3],[0],[2],-0.3148147761821747,[1],ok
602,[3],[0],[2],-0.6354978084564209,[1],ok
603,[3],[0],[2],-0.4807060658931732,[1],ok
604,[5],[0],[0],-0.6067776083946228,[1],ok
605,[3],[2],[2],-0.4553945064544678,[1],ok
606,[4],[5],[2],-0.40256407856941223,[1],ok
607,[4],[0],[2],-0.4960317313671112,[1],ok
608,[4],[3],[3],-0.30687829852104187,[1],ok
609,[3],[0],[2],-0.6225964426994324,[1],ok
610,[4],[0],[4],-0.390187531709671,[1],ok
611,[4],[1],[1],-0.42820510268211365,[1],ok
612,[3],[0],[2],-0.6434343457221985,[1],ok
613,[3],[4],[2],-0.44999995827674866,[2],ok
614,[3],[0],[2],-0.650312602519989,[1],ok
615,[2],[0],[2],-0.6434343457221985,[1],ok
616,[4],[0],[0],-0.5950474143028259,[1],ok
617,[3],[0],[2],-0.6354978084564209,[1],ok
618,[0],[2],[2],-0.5,[1],ok
619,[3],[0],[2],-0.0,[0],ok
620,[4],[5],[4],-0.42225608229637146,[1],ok
621,[4],[3],[3],-0.17023807764053345,[2],ok
622,[4],[0],[2],-0.4960317313671112,[1],ok
623,[3],[0],[2],-0.6434343457221985,[1],ok
624,[3],[1],[1],-0.4164874255657196,[1],ok
625,[3],[0],[2],-0.6415035724639893,[1],ok
626,[5],[4],[2],-0.40256407856941223,[1],ok
627,[3],[0],[2],-0.4960317313671112,[1],ok
628,[4],[0],[0],-0.5741487741470337,[1],ok
629,[3],[0],[2],-0.0,[0],ok
630,[3],[0],[2],-0.6134389042854309,[1],ok
631,[4],[2],[2],-0.40981045365333557,[1],ok
632,[3],[5],[3],-0.2003968209028244,[2],ok
633,[1],[0],[2],-0.5788416862487793,[1],ok
634,[3],[0],[2],-0.4960317313671112,[1],ok
635,[4],[3],[4],-0.42225608229637146,[1],ok
636,[2],[0],[2],-0.650312602519989,[1],ok
637,[3],[1],[1],-0.4541666507720947,[1],ok
638,[3],[0],[2],-0.6510971784591675,[1],ok
639,[3],[0],[2],-0.12777775526046753,[0],ok
640,[4],[4],[0],-0.36437246203422546,[1],ok
641,[3],[0],[2],-0.6225964426994324,[1],ok
642,[5],[0],[2],-0.6510971784591675,[1],ok
643,[5],[0],[2],-0.17222219705581665,[2],ok
644,[1],[2],[3],-0.17023807764053345,[1],ok
645,[4],[5],[4],-0.42225608229637146,[1],ok
646,[4],[0],[2],-0.650312602519989,[1],ok
647,[3],[0],[2],-0.4807060658931732,[1],ok
648,[0],[3],[2],-0.3544444143772125,[1],ok
649,[4],[0],[1],-0.0,[0],ok
650,[4],[1],[2],-0.44118842482566833,[1],ok
651,[0],[0],[2],-0.5678306818008423,[1],ok
652,[3],[0],[2],-0.6134389042854309,[1],ok
653,[3],[4],[0],-0.4389742910861969,[2],ok
654,[2],[0],[2],-0.6354978084564209,[1],ok
655,[3],[0],[2],-0.6354978084564209,[1],ok
656,[3],[0],[2],-0.6354978084564209,[1],ok
657,[3],[2],[3],-0.30687829852104187,[1],ok
658,[1],[0],[2],-0.580676257610321,[1],ok
659,[3],[5],[2],-0.1111110970377922,[0],ok
660,[3],[0],[4],-0.4249030351638794,[1],ok
661,[2],[3],[1],-0.4313022196292877,[1],ok
662,[3],[0],[2],-0.17222219705581665,[2],ok
663,[3],[0],[2],-0.5608465075492859,[1],ok
664,[3],[1],[0],-0.36437246203422546,[1],ok
665,[5],[4],[2],-0.39589738845825195,[1],ok
666,[1],[0],[2],-0.580676257610321,[1],ok
667,[3],[0],[2],-0.650312602519989,[1],ok
668,[4],[0],[2],-0.3421516418457031,[1],ok
669,[0],[0],[4],-0.42513367533683777,[1],ok
670,[3],[2],[3],-0.30687829852104187,[1],ok
671,[5],[0],[2],-0.0,[0],ok
672,[5],[5],[2],-0.40256407856941223,[1],ok
673,[2],[0],[1],-0.24434387683868408,[2],ok
674,[4],[3],[2],-0.42082658410072327,[1],ok
675,[4],[0],[0],-0.5741487741470337,[1],ok
676,[4],[1],[2],-0.4172992706298828,[1],ok
677,[1],[0],[2],-0.5788416862487793,[1],ok
678,[0],[4],[2],-0.40177130699157715,[1],ok
679,[3],[0],[2],-0.166666641831398,[0],ok
680,[3],[0],[3],-0.206349179148674,[1],ok
681,[3],[0],[2],-0.6225964426994324,[1],ok
682,[4],[0],[2],-0.4807060658931732,[1],ok
683,[2],[0],[4],-0.43834424018859863,[2],ok
684,[3],[2],[2],-0.40256407856941223,[1],ok
685,[5],[5],[1],-0.39628538489341736,[1],ok
686,[3],[0],[2],-0.6134389042854309,[1],ok
687,[3],[0],[2],-0.6354978084564209,[1],ok
688,[3],[3],[2],-0.3987654149532318,[1],ok
689,[4],[1],[0],-0.36437246203422546,[1],ok
690,[4],[0],[2],-0.0,[0],ok
691,[5],[0],[2],-0.6434343457221985,[1],ok
692,[3],[4],[2],-0.40981045365333557,[1],ok
693,[5],[0],[4],-0.43834424018859863,[2],ok
694,[5],[0],[3],-0.206349179148674,[1],ok
695,[1],[0],[2],-0.5788416862487793,[1],ok
696,[4],[2],[2],-0.40666666626930237,[1],ok
697,[4],[5],[1],-0.4008011519908905,[1],ok
698,[4],[0],[2],-0.3543473780155182,[1],ok
699,[3],[0],[2],-0.0,[0],ok
700,[4],[3],[0],-0.36437246203422546,[1],ok
701,[3],[0],[2],-0.30877190828323364,[1],ok
702,[3],[0],[2],-0.6322751045227051,[1],ok
703,[3],[0],[2],-0.511904776096344,[2],ok
704,[4],[1],[2],-0.4370037019252777,[1],ok
705,[3],[4],[3],-0.2949735224246979,[1],ok
706,[5],[0],[4],-0.4023568630218506,[1],ok
707,[3],[0],[2],-0.4960317313671112,[1],ok
708,[5],[0],[2],-0.650312602519989,[1],ok
709,[0],[0],[1],-0.3971916735172272,[0],ok
710,[2],[2],[2],-0.4135802090167999,[1],ok
711,[5],[5],[2],-0.40981045365333557,[1],ok
712,[5],[0],[2],-0.6354978084564209,[1],ok
713,[4],[0],[0],-0.544283390045166,[2],ok
714,[3],[3],[2],-0.3987654149532318,[1],ok
715,[5],[0],[2],-0.4960317313671112,[1],ok
716,[5],[1],[2],-0.40981045365333557,[1],ok
717,[3],[0],[2],-0.4960317313671112,[1],ok
718,[5],[4],[3],-0.2949735224246979,[1],ok
719,[3],[0],[4],-0.3541666269302368,[0],ok
720,[3],[0],[2],-0.6434343457221985,[1],ok
721,[1],[0],[1],-0.4834054410457611,[1],ok
722,[3],[2],[2],-0.3987654149532318,[1],ok
723,[4],[0],[2],-0.5751834511756897,[2],ok
724,[4],[5],[0],-0.36437246203422546,[1],ok
725,[0],[0],[2],-0.557395875453949,[1],ok
726,[5],[3],[2],-0.40256407856941223,[1],ok
727,[5],[0],[2],-0.6225964426994324,[1],ok
728,[2],[0],[2],-0.6322751045227051,[1],ok
729,[3],[1],[2],-0.4139169156551361,[1],ok
730,[3],[0],[3],-0.206349179148674,[1],ok
731,[3],[4],[4],-0.16091953217983246,[0],ok
732,[3],[0],[2],-0.4807060658931732,[1],ok
733,[4],[0],[1],-0.27920225262641907,[1],ok
734,[5],[0],[2],-0.4960317313671112,[2],ok
735,[1],[2],[2],-0.49695849418640137,[1],ok
736,[4],[0],[0],-0.43139076232910156,[1],ok
737,[0],[5],[2],-0.36875417828559875,[1],ok
738,[3],[0],[2],-0.6354978084564209,[1],ok
739,[4],[0],[2],-0.4807060658931732,[1],ok
740,[3],[3],[2],-0.0952380821108818,[0],ok
741,[4],[0],[3],-0.24444441497325897,[1],ok
742,[4],[1],[2],-0.42082658410072327,[1],ok
743,[4],[0],[4],-0.4228956401348114,[2],ok
744,[4],[4],[2],-0.3987654149532318,[1],ok
745,[2],[0],[1],-0.45324668288230896,[1],ok
746,[5],[0],[2],-0.650312602519989,[1],ok
747,[4],[0],[2],-0.6322751045227051,[1],ok
748,[3],[0],[2],-0.6225964426994324,[1],ok
749,[4],[2],[2],-0.40256407856941223,[1],ok
750,[3],[5],[0],-0.0,[0],ok
751,[3],[0],[2],-0.6354978084564209,[1],ok
752,[4],[0],[2],-0.6354978084564209,[1],ok
753,[4],[3],[3],-0.17023807764053345,[2],ok
754,[3],[0],[2],-0.4960317313671112,[1],ok
755,[1],[1],[4],-0.4211955964565277,[1],ok
756,[0],[0],[2],-0.5596255660057068,[1],ok
757,[5],[4],[1],-0.38795205950737,[1],ok
758,[5],[0],[2],-0.5751834511756897,[1],ok
759,[3],[0],[2],-0.5103686451911926,[1],ok
760,[4],[0],[2],-0.083333320915699,[0],ok
761,[3],[0],[0],-0.43139076232910156,[1],ok
762,[2],[2],[2],-0.4123809337615967,[1],ok
763,[3],[5],[2],-0.42391300201416016,[2],ok
764,[3],[0],[2],-0.6510971784591675,[1],ok
765,[5],[0],[2],-0.5103686451911926,[1],ok
766,[5],[3],[3],-0.30687829852104187,[1],ok
767,[0],[0],[4],-0.43371209502220154,[1],ok
768,[1],[1],[2],-0.5570369958877563,[1],ok
769,[5],[0],[1],-0.4834054410457611,[1],ok
770,[3],[4],[2],-0.083333320915699,[0],ok
771,[3],[0],[2],-0.650312602519989,[1],ok
772,[5],[0],[2],-0.19576717913150787,[1],ok
773,[3],[0],[0],-0.5741487741470337,[1],ok
774,[5],[0],[2],-0.17222219705581665,[2],ok
775,[5],[0],[2],-0.593701958656311,[1],ok
776,[5],[2],[2],-0.3731224834918976,[1],ok
777,[4],[5],[3],-0.287176251411438,[1],ok
778,[4],[0],[4],-0.4249030351638794,[1],ok
779,[4],[3],[2],-0.3987654149532318,[1],ok
780,[2],[0],[2],-0.0,[0],ok
781,[3],[1],[2],-0.4370037019252777,[1],ok
782,[3],[0],[1],-0.4834054410457611,[1],ok
783,[4],[4],[2],-0.4568965435028076,[2],ok
784,[4],[0],[0],-0.423485666513443,[1],ok
785,[4],[0],[2],-0.4960317313671112,[1],ok
786,[3],[0],[2],-0.4807060658931732,[1],ok
787,[3],[0],[2],-0.6434343457221985,[1],ok
788,[3],[0],[2],-0.6225964426994324,[1],ok
789,[4],[0],[2],-0.4960317313671112,[1],ok
790,[3],[0],[2],-0.6354978084564209,[1],ok
791,[5],[0],[2],-0.4807060658931732,[1],ok
792,[1],[0],[2],-0.5788416862487793,[1],ok
793,[5],[0],[2],-0.6225964426994324,[1],ok
794,[4],[0],[2],-0.6225964426994324,[1],ok
795,[4],[0],[2],-0.4960317313671112,[1],ok
796,[3],[0],[2],-0.6225964426994324,[1],ok
797,[5],[0],[2],-0.6510971784591675,[1],ok
798,[4],[0],[2],-0.6354978084564209,[1],ok
799,[0],[0],[2],-0.5788416862487793,[1],ok
800,[2],[0],[2],-0.6510971784591675,[1],ok
801,[2],[0],[2],-0.650312602519989,[1],ok
802,[2],[0],[2],-0.4960317313671112,[1],ok
803,[3],[0],[2],-0.6415035724639893,[1],ok
804,[3],[0],[2],-0.650312602519989,[1],ok
805,[3],[0],[2],-0.6510971784591675,[1],ok
806,[3],[0],[2],-0.4807060658931732,[1],ok
807,[3],[0],[2],-0.4960317313671112,[1],ok
808,[3],[0],[2],-0.5608465075492859,[1],ok
809,[1],[0],[2],-0.5788416862487793,[1],ok
810,[3],[0],[2],-0.4960317313671112,[1],ok
811,[4],[0],[2],-0.4960317313671112,[1],ok
812,[4],[0],[2],-0.4960317313671112,[1],ok
813,[3],[0],[2],-0.6510971784591675,[1],ok
814,[4],[0],[2],-0.6322751045227051,[1],ok
815,[3],[0],[2],-0.3026454746723175,[1],ok
816,[3],[0],[2],-0.6354978084564209,[1],ok
817,[0],[0],[2],-0.6015685796737671,[1],ok
818,[1],[2],[2],-0.4814814627170563,[1],ok
819,[5],[0],[2],-0.6510971784591675,[1],ok
820,[5],[0],[2],-0.6322751045227051,[1],ok
821,[3],[5],[2],-0.42666664719581604,[1],ok
822,[5],[3],[3],-0.2949735224246979,[1],ok
823,[3],[0],[2],-0.6510971784591675,[1],ok
824,[0],[0],[2],-0.5706365704536438,[1],ok
825,[3],[0],[2],-0.6225964426994324,[1],ok
826,[3],[0],[4],-0.42048385739326477,[1],ok
827,[3],[1],[1],-0.42601123452186584,[1],ok
828,[3],[0],[2],-0.32315829396247864,[1],ok
829,[4],[0],[2],-0.6322751045227051,[1],ok
830,[3],[4],[2],-0.1111110970377922,[0],ok
831,[1],[0],[2],-0.6053391098976135,[1],ok
832,[5],[2],[0],-0.36437246203422546,[1],ok
833,[0],[0],[2],-0.5678306818008423,[1],ok
834,[4],[0],[2],-0.6010100841522217,[2],ok
835,[5],[5],[2],-0.40256407856941223,[1],ok
836,[3],[3],[3],-0.2949735224246979,[1],ok
837,[4],[0],[2],-0.579365074634552,[1],ok
838,[4],[0],[4],-0.42048385739326477,[1],ok
839,[2],[0],[2],-0.6225964426994324,[1],ok
840,[3],[1],[1],-0.0,[0],ok
841,[3],[4],[2],-0.3987654149532318,[1],ok
842,[4],[0],[2],-0.6225964426994324,[1],ok
843,[4],[0],[2],-0.4807060658931732,[1],ok
844,[3],[0],[0],-0.6067776083946228,[2],ok
845,[5],[0],[2],-0.5707070231437683,[1],ok
846,[4],[2],[2],-0.40256407856941223,[1],ok
847,[3],[0],[2],-0.6322751045227051,[1],ok
848,[3],[5],[3],-0.2949735224246979,[1],ok
849,[3],[0],[2],-0.3892137110233307,[1],ok
850,[1],[0],[2],-0.5892731547355652,[1],ok
851,[5],[3],[4],-0.40545499324798584,[1],ok
852,[3],[0],[2],-0.0,[0],ok
853,[0],[0],[2],-0.5767195820808411,[1],ok
854,[2],[1],[2],-0.4370037019252777,[1],ok
855,[5],[0],[1],-0.24434387683868408,[2],ok
856,[3],[4],[2],-0.40256407856941223,[1],ok
857,[5],[0],[2],-0.6434343457221985,[1],ok
858,[3],[0],[0],-0.423485666513443,[1],ok
859,[5],[0],[2],-0.6415035724639893,[1],ok
860,[3],[0],[2],-0.650312602519989,[1],ok
861,[3],[2],[2],-0.41737890243530273,[1],ok
862,[5],[0],[2],-0.5608465075492859,[1],ok
863,[3],[5],[3],-0.1111110970377922,[0],ok
864,[3],[0],[4],-0.4315475523471832,[1],ok
865,[3],[0],[2],-0.5608465075492859,[1],ok
866,[3],[3],[2],-0.3987654149532318,[1],ok
867,[2],[0],[1],-0.27920225262641907,[2],ok
868,[2],[1],[2],-0.3920987546443939,[1],ok
869,[5],[0],[2],-0.650312602519989,[1],ok
870,[3],[4],[0],-0.3892773389816284,[1],ok
871,[3],[0],[2],-0.6322751045227051,[1],ok
872,[3],[0],[2],-0.6510971784591675,[1],ok
873,[3],[0],[2],-0.5608465075492859,[1],ok
874,[2],[0],[2],-0.6510971784591675,[1],ok
875,[2],[2],[3],-0.1111110970377922,[0],ok
876,[3],[5],[2],-0.3905797004699707,[1],ok
877,[4],[0],[2],-0.5751834511756897,[2],ok
878,[2],[0],[4],-0.42296919226646423,[1],ok
879,[3],[0],[1],-0.4834054410457611,[1],ok
880,[3],[0],[2],-0.6415035724639893,[1],ok
881,[5],[3],[2],-0.4214814603328705,[1],ok
882,[3],[1],[2],-0.4024844467639923,[1],ok
883,[2],[0],[2],-0.5608465075492859,[1],ok
884,[2],[0],[0],-0.5741487741470337,[1],ok
885,[5],[4],[2],-0.1111110970377922,[0],ok
886,[5],[0],[2],-0.6354978084564209,[1],ok
887,[2],[0],[2],-0.4960317313671112,[1],ok
888,[3],[0],[3],-0.1846153736114502,[2],ok
889,[3],[2],[2],-0.41904759407043457,[1],ok
890,[3],[5],[4],-0.4249030351638794,[1],ok
891,[4],[0],[2],-0.650312602519989,[1],ok
892,[2],[0],[2],-0.4807060658931732,[1],ok
893,[5],[0],[1],-0.45324668288230896,[1],ok
894,[4],[3],[2],-0.39589738845825195,[1],ok
895,[2],[0],[2],-0.6322751045227051,[1],ok
896,[2],[0],[2],-0.083333320915699,[0],ok
897,[4],[1],[0],-0.36437246203422546,[1],ok
898,[5],[0],[2],-0.650312602519989,[1],ok
899,[2],[4],[2],-0.3905797004699707,[1],ok
900,[2],[0],[2],-0.6510971784591675,[1],ok
901,[2],[0],[2],-0.5707070231437683,[2],ok
902,[2],[0],[3],-0.206349179148674,[1],ok
903,[1],[2],[2],-0.5639814734458923,[1],ok
904,[0],[0],[4],-0.41873636841773987,[1],ok
905,[2],[5],[2],-0.40256407856941223,[1],ok
906,[3],[0],[2],-0.6225964426994324,[1],ok
907,[2],[0],[2],-0.23148147761821747,[0],ok
908,[5],[3],[2],-0.40256407856941223,[1],ok
909,[3],[0],[1],-0.45324668288230896,[1],ok
910,[2],[1],[0],-0.36437246203422546,[1],ok
911,[2],[0],[2],-0.6225964426994324,[1],ok
912,[2],[0],[2],-0.23703701794147491,[2],ok
913,[4],[0],[2],-0.4807060658931732,[1],ok
914,[4],[4],[2],-0.3920987546443939,[1],ok
915,[2],[0],[3],-0.24444441497325897,[1],ok
916,[2],[0],[2],-0.5287114381790161,[1],ok
917,[4],[2],[4],-0.4147465229034424,[1],ok
918,[2],[0],[2],-0.26579520106315613,[0],ok
919,[4],[5],[1],-0.3622390329837799,[1],ok
920,[3],[0],[2],-0.6415035724639893,[1],ok
921,[3],[0],[2],-0.4960317313671112,[1],ok
922,[3],[3],[2],-0.5213243365287781,[2],ok
923,[1],[0],[0],-0.43139076232910156,[1],ok
924,[3],[1],[2],-0.46682944893836975,[1],ok
925,[2],[0],[2],-0.6510971784591675,[1],ok
926,[2],[0],[2],-0.566566526889801,[1],ok
927,[3],[4],[2],-0.40256407856941223,[1],ok
928,[3],[0],[2],-0.6510971784591675,[1],ok
929,[2],[0],[3],-0.16239315271377563,[1],ok
930,[3],[0],[2],-0.2222221940755844,[0],ok
931,[3],[2],[4],-0.40545499324798584,[1],ok
932,[3],[0],[1],-0.4834054410457611,[1],ok
933,[2],[0],[2],-0.6225964426994324,[1],ok
934,[0],[5],[2],-0.4861110746860504,[2],ok
935,[4],[0],[2],-0.5455208420753479,[1],ok
936,[3],[3],[0],-0.36437246203422546,[1],ok
937,[5],[0],[2],-0.5707070231437683,[1],ok
938,[5],[0],[2],-0.6134389042854309,[1],ok
939,[5],[1],[2],-0.39523807168006897,[1],ok
940,[3],[0],[2],-0.6510971784591675,[1],ok
941,[5],[0],[2],-0.1917211264371872,[0],ok
942,[3],[4],[3],-0.2949735224246979,[1],ok
943,[3],[0],[4],-0.4249030351638794,[1],ok
944,[3],[0],[2],-0.17222219705581665,[2],ok
945,[2],[0],[1],-0.37179484963417053,[1],ok
946,[2],[2],[2],-0.3987654149532318,[1],ok
947,[2],[0],[2],-0.650312602519989,[1],ok
948,[3],[5],[2],-0.40256407856941223,[1],ok
949,[3],[0],[0],-0.60072922706604,[1],ok
950,[2],[0],[2],-0.6434343457221985,[1],ok
951,[4],[0],[2],-0.0,[0],ok
952,[1],[3],[2],-0.43581774830818176,[1],ok
953,[0],[1],[3],-0.17023807764053345,[1],ok
954,[1],[4],[2],-0.4674603044986725,[2],ok
955,[3],[0],[2],-0.6225964426994324,[1],ok
956,[3],[0],[4],-0.4156745672225952,[1],ok
957,[4],[0],[2],-0.6225964426994324,[1],ok
958,[3],[0],[1],-0.4202796518802643,[1],ok
959,[3],[0],[2],-0.4807060658931732,[1],ok
960,[3],[2],[2],-0.41737890243530273,[1],ok
961,[3],[0],[2],-0.6225964426994324,[1],ok
962,[0],[5],[2],-0.39057233929634094,[1],ok
963,[2],[0],[0],-0.0,[0],ok
964,[2],[3],[2],-0.41737890243530273,[1],ok
965,[4],[0],[2],-0.6322751045227051,[1],ok
966,[5],[1],[2],-0.5023309588432312,[2],ok
967,[2],[0],[3],-0.16239315271377563,[1],ok
968,[3],[0],[2],-0.6225964426994324,[1],ok
969,[3],[4],[4],-0.40545499324798584,[1],ok
970,[5],[0],[2],-0.4960317313671112,[1],ok
971,[3],[0],[1],-0.47550031542778015,[1],ok
972,[3],[0],[2],-0.4807060658931732,[1],ok
973,[2],[0],[2],-0.6225964426994324,[1],ok
974,[2],[0],[2],-0.6225964426994324,[1],ok
975,[5],[2],[2],-0.083333320915699,[0],ok
976,[3],[5],[0],-0.36437246203422546,[1],ok
977,[3],[0],[2],-0.17222219705581665,[2],ok
978,[3],[3],[2],-0.40666666626930237,[1],ok
979,[3],[0],[2],-0.4960317313671112,[1],ok
980,[2],[0],[2],-0.6134389042854309,[1],ok
981,[4],[1],[3],-0.2767195403575897,[1],ok
982,[3],[0],[2],-0.4960317313671112,[1],ok
983,[1],[0],[4],-0.427109956741333,[1],ok
984,[0],[4],[2],-0.37542083859443665,[1],ok
985,[4],[0],[1],-0.0,[0],ok
986,[3],[0],[2],-0.6026936173439026,[1],ok
987,[4],[0],[2],-0.6322751045227051,[1],ok
988,[3],[2],[0],-0.4389742910861969,[2],ok
989,[2],[0],[2],-0.4807060658931732,[1],ok
990,[4],[5],[2],-0.3920987546443939,[1],ok
991,[4],[0],[2],-0.4960317313671112,[1],ok
992,[4],[0],[2],-0.6510971784591675,[1],ok
993,[1],[3],[3],-0.17023807764053345,[1],ok
994,[3],[0],[2],-0.579365074634552,[1],ok
995,[4],[1],[2],-0.42082658410072327,[1],ok
996,[5],[0],[4],-0.3897435665130615,[0],ok
997,[3],[0],[2],-0.4960317313671112,[1],ok
998,[3],[4],[1],-0.3214360475540161,[1],ok
999,[4],[0],[0],-0.18207280337810516,[2],ok
